product,rating,rating count,price,product url
"Zep Air and Fabric Odor Eliminator - 32 Ounces (Pack of 2) ZUAIR32 - Refresh Your Home, Office and Business  ",4.6 out of 5 stars,"1,659  ",20.87,https://amazon.com/Zep-Fabric-Odor-Eliminator-Ounce/dp/B07M59CCR2/ref=sr_1_6?keywords=zep&qid=1667073752&qu=eyJxc2MiOiI1LjcwIiwicXNhIjoiNS40OSIsInFzcCI6IjUuNjQifQ%3D%3D&sr=8-6
"2 Pack Toilet Cleaner Hard Water Build up Remover with Ergonomic Handle, Toilet Bowl Stain Ring Remover, Pumice Stone Toilet Cleaner Tool Stain Hard Water Ring Remover for Toilet, Pool, Bathroom, Sink  ",4.6 out of 5 stars,"2,133  ",8.99,https://amazon.com/sspa/click?ie=UTF8&spc=MTo5NTkyODU1NzI0MzczMDQ6MTY2NzA3Mzc1MjpzcF9tdGY6MjAwMDMyMjY0MDI0MzIxOjowOjo&sp_csd=d2lkZ2V0TmFtZT1zcF9tdGY&url=%2FToilet-Cleaner-Remover-Ergonomic-Bathroom%2Fdp%2FB08CRGFKHN%2Fref%3Dsr_1_12_sspa%3Fkeywords%3Dzep%26qid%3D1667073752%26qu%3DeyJxc2MiOiI1LjcwIiwicXNhIjoiNS40OSIsInFzcCI6IjUuNjQifQ%253D%253D%26sr%3D8-12-spons%26psc%3D1
Zep ZUHLF32 Hardwood and Laminate Floor Cleaner 32 ounces  ,4.4 out of 5 stars,204  ,13.56,https://amazon.com/ZUHLF32-Hardwood-Laminate-Cleaner-ounces/dp/B001B1962K/ref=sr_1_14?keywords=zep&qid=1667073752&qu=eyJxc2MiOiI1LjcwIiwicXNhIjoiNS40OSIsInFzcCI6IjUuNjQifQ%3D%3D&sr=8-14
"Fabuloso All Purpose Cleaner, Lemon, Bathroom Cleaner, Toilet Cleaner, Floor Cleaner, Shower and Glass Cleaner, Mop Cleanser, Kitchen Pots and Pans Degreaser, 128oz (Pack of 4) (US06531A)  ",4.7 out of 5 stars,"4,590  ",48.26,https://amazon.com/sspa/click?ie=UTF8&spc=MTo5NTkyODU1NzI0MzczMDQ6MTY2NzA3Mzc1MjpzcF9tdGY6MjAwMDkxMzcxOTI3ODk4OjowOjo&sp_csd=d2lkZ2V0TmFtZT1zcF9tdGY&url=%2FFABULOSO-Bathroom-Cleanser-Degreaser-US06531A%2Fdp%2FB086X85JW1%2Fref%3Dsr_1_17_sspa%3Fkeywords%3Dzep%26qid%3D1667073752%26qu%3DeyJxc2MiOiI1LjcwIiwicXNhIjoiNS40OSIsInFzcCI6IjUuNjQifQ%253D%253D%26sr%3D8-17-spons%26psc%3D1
Zep ZUAIR32 Air and Fabric Odor Eliminator 32 oz  ,4.6 out of 5 stars,240  ,14.5,https://amazon.com/sspa/click?ie=UTF8&spc=MTo5NTkyODU1NzI0MzczMDQ6MTY2NzA3Mzc1MjpzcF9idGY6MjAwMDQ5MDA0NDYwNzUxOjowOjo&sp_csd=d2lkZ2V0TmFtZT1zcF9idGY&url=%2FEnforcer-Products-ZUAIR32-FBRC-ELMNTR%2Fdp%2FB07FT5RYGF%2Fref%3Dsr_1_19_sspa%3Fkeywords%3Dzep%26qid%3D1667073752%26qu%3DeyJxc2MiOiI1LjcwIiwicXNhIjoiNS40OSIsInFzcCI6IjUuNjQifQ%253D%253D%26sr%3D8-19-spons%26psc%3D1%26smid%3DA1PQEJA9XYXYLT
"2 Pack Toilet Cleaner Hard Water Build up Remover with Ergonomic Handle, Toilet Bowl Stain Ring Remover, Pumice Stone Toilet Cleaner Tool Stain Hard Water Ring Remover for Toilet, Pool, Bathroom, Sink  ",4.6 out of 5 stars,"2,133  ",8.99,https://amazon.com/sspa/click?ie=UTF8&spc=MTo3Nzg3MzE2MTgyODQ3NTM5OjE2NjcwNzM3NTY6c3BfYXRmX25leHQ6MjAwMDMyMjY0MDI0MzIxOjowOjo&sp_csd=d2lkZ2V0TmFtZT1zcF9hdGZfbmV4dA&url=%2FToilet-Cleaner-Remover-Ergonomic-Bathroom%2Fdp%2FB08CRGFKHN%2Fref%3Dsr_1_17_sspa%3Fkeywords%3Dzep%26qid%3D1667073756%26qu%3DeyJxc2MiOiI1LjcwIiwicXNhIjoiNS40OSIsInFzcCI6IjUuNjQifQ%253D%253D%26sr%3D8-17-spons%26psc%3D1
"3pcs Drill Brush Scrub Brush Drill Attachment Kit, 2/3.5/4 inch Cleaner Combo Time Saving Kit and Power Scrubber Cleaning Kit, Grout Cleaner for Car, Bathroom, Wooden Floor, Laundry Room Cleaning  ",4.5 out of 5 stars,16  ,12.95,https://amazon.com/sspa/click?ie=UTF8&spc=MTo3Nzg3MzE2MTgyODQ3NTM5OjE2NjcwNzM3NTY6c3BfYXRmX25leHQ6MjAwMDYyNjc4OTA1Mzk4OjowOjo&sp_csd=d2lkZ2V0TmFtZT1zcF9hdGZfbmV4dA&url=%2FAttachment-Cleaner-Scrubber-Cleaning-Bathroom%2Fdp%2FB09H3CXJ4B%2Fref%3Dsr_1_18_sspa%3Fkeywords%3Dzep%26qid%3D1667073756%26qu%3DeyJxc2MiOiI1LjcwIiwicXNhIjoiNS40OSIsInFzcCI6IjUuNjQifQ%253D%253D%26sr%3D8-18-spons%26psc%3D1
"Zep Air and Fabric Odor Eliminator - 32 Ounces (Pack of 2) ZUAIR32 - Refresh Your Home, Office and Business  ",4.6 out of 5 stars,"1,659  ",20.87,https://amazon.com/Zep-Fabric-Odor-Eliminator-Ounce/dp/B07M59CCR2/ref=sr_1_24?keywords=zep&qid=1667073756&qu=eyJxc2MiOiI1LjcwIiwicXNhIjoiNS40OSIsInFzcCI6IjUuNjQifQ%3D%3D&sr=8-24
"Fabuloso All Purpose Cleaner, Lemon, Bathroom Cleaner, Toilet Cleaner, Floor Cleaner, Shower and Glass Cleaner, Mop Cleanser, Kitchen Pots and Pans Degreaser, 128oz (Pack of 4) (US06531A)  ",4.7 out of 5 stars,"4,590  ",48.26,https://amazon.com/sspa/click?ie=UTF8&spc=MTo3Nzg3MzE2MTgyODQ3NTM5OjE2NjcwNzM3NTY6c3BfbXRmOjIwMDA5MTM3MTkyNzg5ODo6MDo6&sp_csd=d2lkZ2V0TmFtZT1zcF9tdGY&url=%2FFABULOSO-Bathroom-Cleanser-Degreaser-US06531A%2Fdp%2FB086X85JW1%2Fref%3Dsr_1_27_sspa%3Fkeywords%3Dzep%26qid%3D1667073756%26qu%3DeyJxc2MiOiI1LjcwIiwicXNhIjoiNS40OSIsInFzcCI6IjUuNjQifQ%253D%253D%26sr%3D8-27-spons%26psc%3D1
"Fabuloso All Purpose Cleaner, Lemon, Bathroom Cleaner, Toilet Cleaner, Floor Cleaner, Shower and Glass Cleaner, Mop Cleanser, Kitchen Pots and Pans Degreaser, 128oz (Pack of 4) (US06531A)  ",4.7 out of 5 stars,"4,590  ",48.26,https://amazon.com/sspa/click?ie=UTF8&spc=MTo3MjU1MDI1Mjc4Nzg5NDE2OjE2NjcwNzM3NjA6c3BfYXRmX25leHQ6MjAwMDkxMzcxOTI3ODk4OjowOjo&sp_csd=d2lkZ2V0TmFtZT1zcF9hdGZfbmV4dA&url=%2FFABULOSO-Bathroom-Cleanser-Degreaser-US06531A%2Fdp%2FB086X85JW1%2Fref%3Dsr_1_33_sspa%3Fkeywords%3Dzep%26qid%3D1667073760%26qu%3DeyJxc2MiOiI1LjcwIiwicXNhIjoiNS40OSIsInFzcCI6IjUuNjQifQ%253D%253D%26sr%3D8-33-spons%26psc%3D1
"2 Pack Toilet Cleaner Hard Water Build up Remover with Ergonomic Handle, Toilet Bowl Stain Ring Remover, Pumice Stone Toilet Cleaner Tool Stain Hard Water Ring Remover for Toilet, Pool, Bathroom, Sink  ",4.6 out of 5 stars,"2,133  ",8.99,https://amazon.com/sspa/click?ie=UTF8&spc=MTo3MjU1MDI1Mjc4Nzg5NDE2OjE2NjcwNzM3NjA6c3BfYXRmX25leHQ6MjAwMDMyMjY0MDI0MzIxOjowOjo&sp_csd=d2lkZ2V0TmFtZT1zcF9hdGZfbmV4dA&url=%2FToilet-Cleaner-Remover-Ergonomic-Bathroom%2Fdp%2FB08CRGFKHN%2Fref%3Dsr_1_34_sspa%3Fkeywords%3Dzep%26qid%3D1667073760%26qu%3DeyJxc2MiOiI1LjcwIiwicXNhIjoiNS40OSIsInFzcCI6IjUuNjQifQ%253D%253D%26sr%3D8-34-spons%26psc%3D1
Zep ZUAIR32 Air and Fabric Odor Eliminator 32 oz  ,4.6 out of 5 stars,240  ,14.5,https://amazon.com/Enforcer-Products-ZUAIR32-FBRC-ELMNTR/dp/B07FT5RYGF/ref=sr_1_36?keywords=zep&qid=1667073760&qu=eyJxc2MiOiI1LjcwIiwicXNhIjoiNS40OSIsInFzcCI6IjUuNjQifQ%3D%3D&sr=8-36
2 in 1 Cleaning Brush Tub and Tile Scrubber Brush Sponge with 46'' Extendable Long Lightweight Handle Detachable Stiff Bristles Scrub Brush for Cleaning Bathtub Shower Bathroom  ,4.2 out of 5 stars,"1,378  ",19.99,https://amazon.com/Cleaning-Scrubber-Extendable-Lightweight-Detachable/dp/B0982Q32K7/ref=sr_1_38?keywords=zep&qid=1667073760&qu=eyJxc2MiOiI1LjcwIiwicXNhIjoiNS40OSIsInFzcCI6IjUuNjQifQ%3D%3D&sr=8-38
"Fabuloso All Purpose Cleaner, Lemon, Bathroom Cleaner, Toilet Cleaner, Floor Cleaner, Shower and Glass Cleaner, Mop Cleanser, Kitchen Pots and Pans Degreaser, 128oz (Pack of 4) (US06531A)  ",4.7 out of 5 stars,"4,590  ",27.5,https://amazon.com/FABULOSO-Bathroom-Cleanser-Degreaser-US06531A/dp/B086X85JW1/ref=sr_1_40?keywords=zep&qid=1667073760&qu=eyJxc2MiOiI1LjcwIiwicXNhIjoiNS40OSIsInFzcCI6IjUuNjQifQ%3D%3D&sr=8-40
Zep ZUAIR32 Air and Fabric Odor Eliminator 32 oz  ,4.6 out of 5 stars,240  ,14.5,https://amazon.com/sspa/click?ie=UTF8&spc=MTo3MjU1MDI1Mjc4Nzg5NDE2OjE2NjcwNzM3NjA6c3BfbXRmOjIwMDA0OTAwNDQ2MDc1MTo6MDo6&sp_csd=d2lkZ2V0TmFtZT1zcF9tdGY&url=%2FEnforcer-Products-ZUAIR32-FBRC-ELMNTR%2Fdp%2FB07FT5RYGF%2Fref%3Dsr_1_43_sspa%3Fkeywords%3Dzep%26qid%3D1667073760%26qu%3DeyJxc2MiOiI1LjcwIiwicXNhIjoiNS40OSIsInFzcCI6IjUuNjQifQ%253D%253D%26sr%3D8-43-spons%26psc%3D1%26smid%3DA1PQEJA9XYXYLT
Zep Septic Tank Treatment 2 / Pk  ,4.5 out of 5 stars,54  ,12.45,https://amazon.com/Zep-Septic-Tank-Treatment-Pk/dp/B00PV4O68C/ref=sr_1_44?keywords=zep&qid=1667073760&qu=eyJxc2MiOiI1LjcwIiwicXNhIjoiNS40OSIsInFzcCI6IjUuNjQifQ%3D%3D&sr=8-44
Zep Septic Tank Treatment 2 Pk  ,4.2 out of 5 stars,93  ,18.23,https://amazon.com/Zep-Septic-Tank-Treatment-Pk/dp/B00GRTRRTK/ref=sr_1_45?keywords=zep&qid=1667073760&qu=eyJxc2MiOiI1LjcwIiwicXNhIjoiNS40OSIsInFzcCI6IjUuNjQifQ%3D%3D&sr=8-45
Zep Cherry Bomb Industrial Pumice Hand Cleaner - 48 Ounce (Case of 4) ZUCBHC48CA - Heavy Duty Hand Cleaner and Degreaser. Available for all 50 States  ,4.8 out of 5 stars,257  ,55.99,https://amazon.com/Zep-Cherry-Cleaner-Ounce-ZUCBHC48CA/dp/B07FVXFFCD/ref=sr_1_48?keywords=zep&qid=1667073760&qu=eyJxc2MiOiI1LjcwIiwicXNhIjoiNS40OSIsInFzcCI6IjUuNjQifQ%3D%3D&sr=8-48
"Zep Industrial Sprayer Bottle - 48 Ounces (Case of 8) C32810 - Up to 30 Foot Spray, Adjustable Nozzle  ",3.7 out of 5 stars,36  ,58.42,https://amazon.com/Zep-Industrial-Sprayer-Bottle-Adjustable/dp/B08S8W9H3R/ref=sr_1_49?keywords=zep&qid=1667073760&qu=eyJxc2MiOiI1LjcwIiwicXNhIjoiNS40OSIsInFzcCI6IjUuNjQifQ%3D%3D&sr=8-49
"2Pack Pumice Stone Toilet Bowl Cleaner with Handle,Powerfully Cleans Away Limescale Stain,Hard Water Rings, Calcium Buildup,Suitable for Tiles, BBQ Grill, Pools, Bath tubs and Ceramic Surfaces.  ",4.9 out of 5 stars,13  ,7.99,https://amazon.com/sspa/click?ie=UTF8&spc=MToyNzY4MzEwODA1NTM5NzYyOjE2NjcwNzM3NjY6c3BfYXRmX25leHQ6MjAwMDk0Mjg5NzMxODk4OjowOjo&sp_csd=d2lkZ2V0TmFtZT1zcF9hdGZfbmV4dA&url=%2FCleaner-Powerfully-Limescale-Suitable-Surfaces%2Fdp%2FB0B7WZQ6ZJ%2Fref%3Dsr_1_49_sspa%3Fkeywords%3Dzep%26qid%3D1667073766%26qu%3DeyJxc2MiOiI1LjcwIiwicXNhIjoiNS40OSIsInFzcCI6IjUuNjQifQ%253D%253D%26sr%3D8-49-spons%26psc%3D1
"Fabuloso All Purpose Cleaner, Lemon, Bathroom Cleaner, Toilet Cleaner, Floor Cleaner, Shower and Glass Cleaner, Mop Cleanser, Kitchen Pots and Pans Degreaser, 128oz (Pack of 4) (US06531A)  ",4.7 out of 5 stars,"4,590  ",48.26,https://amazon.com/sspa/click?ie=UTF8&spc=MToyNzY4MzEwODA1NTM5NzYyOjE2NjcwNzM3NjY6c3BfYXRmX25leHQ6MjAwMDkxMzcxOTI3ODk4OjowOjo&sp_csd=d2lkZ2V0TmFtZT1zcF9hdGZfbmV4dA&url=%2FFABULOSO-Bathroom-Cleanser-Degreaser-US06531A%2Fdp%2FB086X85JW1%2Fref%3Dsr_1_50_sspa%3Fkeywords%3Dzep%26qid%3D1667073766%26qu%3DeyJxc2MiOiI1LjcwIiwicXNhIjoiNS40OSIsInFzcCI6IjUuNjQifQ%253D%253D%26sr%3D8-50-spons%26psc%3D1
Zep Professional Antimicrobial Hand Soap  ,4.0 out of 5 stars,8  ,7.41,https://amazon.com/Zep-Professional-Antimicrobial-Hand-Soap/dp/B08XZRYX5W/ref=sr_1_52?keywords=zep&qid=1667073766&qu=eyJxc2MiOiI1LjcwIiwicXNhIjoiNS40OSIsInFzcCI6IjUuNjQifQ%3D%3D&sr=8-52
Zep High Output Chemical Sprayer 1.1 32 Ounce U43010  ,4.2 out of 5 stars,126  ,15.95,https://amazon.com/Zep-Output-Chemical-Sprayer-U43010/dp/B07M8DDMVJ/ref=sr_1_56?keywords=zep&qid=1667073766&qu=eyJxc2MiOiI1LjcwIiwicXNhIjoiNS40OSIsInFzcCI6IjUuNjQifQ%3D%3D&sr=8-56
"ZEP PROFESSIONAL, 600101, D4000 - HD CLASSIC DISPENSER (FOR SQUARE GALLON)  ",4.8 out of 5 stars,25  ,54.1,https://amazon.com/HD-CLASSIC-DISPENSER-SQUARE-GALLON/dp/B07P92W3R1/ref=sr_1_57?keywords=zep&qid=1667073766&qu=eyJxc2MiOiI1LjcwIiwicXNhIjoiNS40OSIsInFzcCI6IjUuNjQifQ%3D%3D&sr=8-57
Zep ZUAIR32 Air and Fabric Odor Eliminator 32 oz  ,4.6 out of 5 stars,240  ,14.5,https://amazon.com/sspa/click?ie=UTF8&spc=MToyNzY4MzEwODA1NTM5NzYyOjE2NjcwNzM3NjY6c3BfbXRmOjIwMDA0OTAwNDQ2MDc1MTo6MDo6&sp_csd=d2lkZ2V0TmFtZT1zcF9tdGY&url=%2FEnforcer-Products-ZUAIR32-FBRC-ELMNTR%2Fdp%2FB07FT5RYGF%2Fref%3Dsr_1_59_sspa%3Fkeywords%3Dzep%26qid%3D1667073766%26qu%3DeyJxc2MiOiI1LjcwIiwicXNhIjoiNS40OSIsInFzcCI6IjUuNjQifQ%253D%253D%26sr%3D8-59-spons%26psc%3D1%26smid%3DA1PQEJA9XYXYLT
Zep Instant Hand Sanitizer Gel 70% Alcohol - 1 Gallon (Case of 4) ECZUIHSG128 - Pump Included - Exceeds CDC Guidelines - Kills 99.99% of germs  ,4.5 out of 5 stars,34  ,79.99,https://amazon.com/Zep-Instant-Sanitizer-Alcohol-Gallon/dp/B08KFF6XDR/ref=sr_1_67?keywords=zep&qid=1667073766&qu=eyJxc2MiOiI1LjcwIiwicXNhIjoiNS40OSIsInFzcCI6IjUuNjQifQ%3D%3D&sr=8-67
